event_category,events,total_mentions,avg_mentions,avg_tone,avg_goldstein,avg_attention,conflict_share,category_label_sq,conflict_share_pct
Material Cooperation,4953,25452,5.13870381586917,-0.9746075595879929,6.928750252372299,3.9633978466546136,0.0,Bashkëpunim material,0.0
Protest,807,4309,5.339529120198265,-3.3857815960418227,-6.607806691449814,3.9248710532961817,1.0,Protestë,100.0
Other Conflict,11514,54549,4.737623762376238,-3.495924178116576,-3.4315615772103527,3.8254194036085667,1.0,Konflikt tjetër,100.0
Other Cooperation,23845,112380,4.712937722793038,-2.3219484232991356,1.4536967917802475,3.8094536467882296,0.0,Bashkëpunim tjetër,0.0
Coercion,4542,21530,4.740202553940995,-5.680162107141785,-5.297842360193748,3.794289029577485,1.0,Detyrim / Presion,100.0
Diplomacy / Consultation,26044,121242,4.655275687298418,-0.8877024780787779,2.968752879741975,3.7739068015888657,0.0,Diplomaci / Konsultim,0.0
Engagement / Cooperation,7568,34781,4.595798097251586,0.2937423390646983,4.080219344608879,3.76902383359986,0.0,Angazhim / Bashkëpunim,0.0
Conflict / Violence,7230,33365,4.614799446749654,-5.331006322514571,-9.801452282157676,3.7392088809849686,1.0,Konflikt / Dhunë,100.0
