event_category,events,avg_tone,avg_goldstein,avg_mentions,total_mentions,avg_sources,avg_articles,avg_attention,conflict_share
Other Cooperation,2323,-2.185502850771675,1.4234610417563496,4.942315970727508,11481,1.06198880757641,4.816616444253121,3.8762162472411,0.0
Material Cooperation,447,-1.5620285354950885,6.7823266219239375,4.762863534675615,2129,1.0089485458612975,4.751677852348993,3.8638382371878834,0.0
Conflict / Violence,772,-4.853567298370354,-9.807642487046632,5.205958549222798,4019,1.1865284974093264,5.053108808290156,3.791183408204016,1.0
Other Conflict,1212,-3.1746964100966673,-3.5245874587458745,4.53960396039604,5502,1.0165016501650166,4.478547854785479,3.7747315935921275,1.0
Diplomacy / Consultation,2984,-0.26555405605490123,3.1796581769437,4.55328418230563,13587,1.020107238605898,4.440348525469169,3.731593071207906,0.0
Engagement / Cooperation,813,0.5233925433202034,4.159778597785978,4.400984009840099,3578,1.019680196801968,4.321033210332104,3.725567719323846,0.0
Coercion,368,-5.2105122842598925,-5.451086956521739,4.532608695652174,1668,1.0353260869565217,4.418478260869565,3.6958160245665654,1.0
Protest,41,-4.887152718065839,-6.524390243902439,3.951219512195122,162,1.0,3.951219512195122,3.5986095432722696,1.0
