event_category,events,avg_tone,avg_goldstein,avg_mentions,total_mentions,avg_sources,avg_articles,avg_attention,conflict_share
Material Cooperation,5060,-0.9488686763510271,6.927332015810277,5.151778656126482,26068,1.042687747035573,5.060474308300395,3.9619309307871338,0.0
Protest,829,-3.3600024262813646,-6.604945717732208,5.2207478890229195,4328,1.0856453558504222,5.030156815440289,3.8900465017140267,1.0
Other Conflict,11479,-3.5162278706154098,-3.430542730202979,4.76548479832738,54703,1.0411185643348724,4.673752068995557,3.8314384565158246,1.0
Other Cooperation,23899,-2.315142962253769,1.4386627055525336,4.719820913008912,112799,1.0439767354282605,4.623666262186703,3.81225377615742,0.0
Coercion,4566,-5.682327931150001,-5.306044678055191,4.799386771791502,21914,1.051467367498905,4.639509417433202,3.8099811910199266,1.0
Diplomacy / Consultation,26094,-0.8718432998794465,2.959783858358243,4.647198589714111,121264,1.0466773971027823,4.541235533072737,3.7714447682501056,0.0
Engagement / Cooperation,7632,0.3479576802442598,4.080149371069182,4.594601677148847,35066,1.034198113207547,4.482311320754717,3.767379987443866,0.0
Conflict / Violence,7250,-5.251940633749982,-9.801586206896552,4.628137931034483,33554,1.0466206896551724,4.486344827586207,3.7436053707554575,1.0
