event_category,events,avg_tone,avg_goldstein,avg_mentions,total_mentions,avg_sources,avg_articles,avg_attention,conflict_share
Material Cooperation,4994,-0.9961536703947784,6.922567080496597,5.137364837805366,25656,1.0448538245895074,5.065478574289147,3.961661575307238,0.0
Protest,807,-3.348910368386533,-6.607806691449814,5.30359355638166,4280,1.0929368029739777,5.107806691449814,3.910714728094086,1.0
Other Conflict,11583,-3.514903647924247,-3.4283864283864283,4.722179055512389,54697,1.0391090391090392,4.635413968747302,3.821069362008289,1.0
Other Cooperation,24000,-2.309774005834753,1.4518041666666668,4.691291666666666,112591,1.0430416666666666,4.59475,3.802291182125137,0.0
Coercion,4537,-5.663329897859336,-5.29490852986555,4.738373374476526,21498,1.0473881419440159,4.598413048269782,3.7937248307615534,1.0
Diplomacy / Consultation,26188,-0.9043371757487281,2.9674851076829083,4.64457003207576,121632,1.0468535206965022,4.540323812433176,3.770381453196952,0.0
Engagement / Cooperation,7590,0.3108528465682803,4.068089591567852,4.560737812911726,34616,1.03399209486166,4.450197628458498,3.7525777561383995,0.0
Conflict / Violence,7229,-5.253257696840455,-9.801286484991008,4.618481117720293,33387,1.0496610872873149,4.484437681560382,3.7429240514530906,1.0
