event_category,events,avg_tone,avg_goldstein,avg_mentions,total_mentions,avg_sources,avg_articles,avg_attention,conflict_share
Material Cooperation,5000,-0.9905220428118106,6.9248,5.141,25705,1.0458,5.0646,3.9641006222422193,0.0
Protest,816,-3.31475389882272,-6.609068627450981,5.318627450980392,4340,1.0870098039215685,5.118872549019608,3.9225235116259456,1.0
Other Conflict,11607,-3.481758157779682,-3.440148186439218,4.74239682949944,55045,1.0403204962522616,4.6539157405014215,3.825520957132706,1.0
Other Cooperation,24030,-2.3034279461312273,1.443017062005826,4.705451518934665,113072,1.0449854348730754,4.606949646275489,3.806598012862921,0.0
Coercion,4580,-5.667132232692009,-5.304978165938865,4.743013100436682,21723,1.045414847161572,4.587117903930131,3.7928598076719706,1.0
Diplomacy / Consultation,26463,-0.8674842629211486,2.9686883573291007,4.648906019725655,123024,1.049994331708423,4.544269357215735,3.7699267184772585,0.0
Engagement / Cooperation,7682,0.3402488443961142,4.071218432699817,4.571595938557667,35119,1.033585003905233,4.45274668055194,3.758393964815112,0.0
Conflict / Violence,7288,-5.224142805930614,-9.801180021953897,4.617727771679473,33654,1.0477497255762898,4.485592755214051,3.7400385228831574,1.0
